time_s,phase,requested_green_s,elapsed_s,reason,actual_green_s
0,,20,3,sin_demanda,0
3,,20,3,sin_demanda,0
6,,20,3,sin_demanda,0
9,0,10,12,demanda_movimientos,10
21,1,20,25,demanda_movimientos,20
46,4,20,25,cuello_de_botella_giro,20
71,0,30,35,demanda_movimientos,30
106,4,40,46,cuello_de_botella_giro,40
152,2,40,17,espera_prolongada,12
169,0,30,35,emergencia_activa,30
204,3,40,45,espera_prolongada,40
249,5,30,17,espera_prolongada,12
266,1,60,122,espera_prolongada,60
388,4,40,45,espera_prolongada,40
433,2,50,15,emergencia_activa,10
448,2,30,1,emergencia_activa,1
449,2,30,1,emergencia_activa,1
450,2,20,1,emergencia_activa,1
451,2,20,1,emergencia_activa,1
452,2,20,1,emergencia_activa,1
453,2,20,1,emergencia_activa,1
454,2,10,1,emergencia_activa,1
455,2,10,1,emergencia_activa,1
456,2,10,1,emergencia_activa,1
457,2,10,1,emergencia_activa,1
458,2,10,1,emergencia_activa,1
459,5,60,15,emergencia_activa,10
474,2,40,15,emergencia_activa,10
489,2,10,1,emergencia_activa,1
490,5,40,45,emergencia_activa,40
535,0,60,65,espera_prolongada,60
